{
  "decimals": 18,
  "airdrop": {
    "0x022Ce4715b44EF6F0eAd8561B29dA676928D16f3": 74.22141836,
    "0x02A4496aFD423B2B36a34D7F6E918e71Ca88898B": 233.9150235,
    "0xFD75b173c860C1478c3FF39453a0c72feDCE6c81": 66.62268917,
    "0xD0e72c1B2eb87e3DC0445b7f689CaDcFc872b293": 111.202279,
    "0x09a4cf5b4322eca8c4c57050b104377dc4d4251e": 151.0936366,
    "0x839AFf52d13A451EdfA55d7de12b451c456d93d0": 88.20776541,
    "0x11F3083E679B0De318dE58751385D7ACeedF698A": 298.2372164,
    "0x1400FC09e3d9AB88192D2d4A42CcdD4A930FC580": 76.54739949,
    "0x1411df065Df3BeDb53Fc6c0038572cD5818bEF9D": 522.1748938,
    "0x148Cd759f15ed17f1700bE795c2f7432c83A24e8": 44.65113019,
    "0x14c5dA417637e570856CB1c965EA8002f7Ef8e18": 83.95488285,
    "0x14D34857D2Acbcc4955978D863c7dDD3dF27925c": 159.0330716,
    "0x15384cADf0722EB998a5a935ec80EC5928338A1c": 44.48019595,
    "0x16faa6e97AeC501Eb03D692eb5751e37519cDBb3": 76.39907999,
    "0x173B6bC070eFdA94F5eE14dcb0FE05689C871f9F": 2735.953374,
    "0xE0C1049Fc7a5e71C8A8608ED6dd9F2bBbD374898": 45.09685638,
    "0x214013E8E5d8264B27E824077cE9fFF49Bc20E8E": 72.85669152,
    "0x2141B15707e85105cC38132b55eEC68E4c5C648c": 766.9506545,
    "0x236bcA0806A0fA0563B4DB4698a5f850A283cf18": 2168.24674,
    "0x23fa4be9954ECfA249B1eF5C027EB113542AC9ba": 136.0129561,
    "0x3Df2CD430FeA13A5155B0540AD9aDEB6D1594D12": 65.03605949,
    "0x29973EF55d2824fA0142823C3F35c49165DF36d8": 130.7823571,
    "0x2d7151b6fbA054c321e6331EFE68f6aaaD11e48B": 1870.612539,
    "0x7532A9E3e9475337c8A907428E35932A20959FDf": 44.44537813,
    "0x308edcddc0178686fd2d9c0240e3edeb31225c73": 65.63707893,
    "0x3444516Acef0843D47A80f4FFD5d995dac09A9fc": 625.1138413,
    "0x379ED372c94CAe8B77dceb9987D7D6A04A31685D": 45.06810959,
    "0x39ba6607669600f24ad9e3e5153357041af0e774": 86.84358809,
    "0x7ee89D98B5731107A2A9CeBc3D9a4e729d070262": 91.82374351,
    "0x3Caba50E426de2003f937Ac961BD6834B206fb1C": 368.8212971,
    "0x6619185a9fe99a5eee13359b899e0d5e18f50dd0": 212.089056,
    "0x3Ec6732676dB7996c1b34E64b0503F941025Cb63": 741.691623,
    "0x3f516032E3E21bF6404f637297d0B18C6d26061c": 44.6676628,
    "0x423232F0968debD91127a1eEBdf4d69b2BB9bEd7": 89.09549294,
    "0x42464988dBCEeE9E53A6451cF2e7Ed57295Af426": 142.9041727,
    "0xfA7D7352465883769a88B46A82183FC99D9E247c": 118.4555441,
    "0xD7bE382A31eC9303EB44210bd40f1fb022748c31": 76.68830815,
    "0x4501205A75F3e6a99f1320b802Fda91FB5499b11": 3091.283771,
    "0x472991030Ae7d07AC866606Fd0853fCD0C3B27C7": 394.6001178,
    "0xDD889acBd59D2Fba76cA8346D48eA1e94b059a6a": 104.1953056,
    "0x4a0E06B81EfD7aAf34aef567addeB5D794826C07": 1288.749161,
    "0x4bc1ea6a8778d75c1a7abec94ff6a1417f8ef8e9": 87.43519395,
    "0x4dC2D35d5Cf020C5d2756c93a712b29E058Dd527": 89.17475198,
    "0x4Ec59F2dbb43d31713A4b5743039d86D361D8dce": 92.40087567,
    "0x50459EC55d7604Afab9Ad4aDb9e263a0be0572bF": 109.6072506,
    "0x50E27BB14dd13629b6ea3d7FeA2226bE9717760f": 50.43834236,
    "0x51a0A3849F1Cc8822C2CbcA4E0ce9eE0bA8E481D": 79.72649164,
    "0x73c28f0571ee437171e421c80a55bdcc6c07cc5c": 87.81315631,
    "0x52D135689a0401d05DdAfbA892d54eAdee1844aA": 77.00989842,
    "0x5ba4A35947dAd71df4AB44b3b7d347b8B6e6F4FD": 196.4057355,
    "0x55248cb24b735372377fa8119c6Ab52bDa42fe19": 50.27961037,
    "0x0Ce46EcE1021Fd29e885F94CC2f2EA009D9fEAEF": 169.5505186,
    "0x6c587d7e03e5ff7ae506c6626de4910f5975ccf6": 43.4873101,
    "0xb26b4a4bba425ac28224cfdd45b4bd00c886cc33": 43.90882083,
    "0x5a0F7dbDD1AB03ab5Bd35D9211a2f9DB4e1D3d42": 4514.905915,
    "0x5B191F5A2b4A867c4eD71858dacCc51FC59c69c0": 117.7807336,
    "0x5d557d00A19e4E423284f701aAa8982D1A6B1631": 440.6903744,
    "0x64abc5b10c77d93be5038e7b4965d2f0d8279127": 45.24976311,
    "0x618D64611aF0a80F77472051077F488f12004daa": 278.0244641,
    "0xAC49926b990b3cDc66D3F020989F20a1b51744aD": 85.29821454,
    "0x62991A1B4187481C8B5BB49Fa567711e09fF488D": 419.7714959,
    "0x635B230C3fdf6A466bb6dc3b9B51a8cEB0659b67": 618.892908,
    "0x64F704266E647eFE2E45bdFa7F090e1570aA5cb0": 45.24257442,
    "0x66F38834895920589f66a8EaBc2b6A543B0EcA24": 149.33937,
    "0xcefa1178a0e097c17Efde9eD29dC42D7529D9c03": 81.44540335,
    "0x2534c390132f1f05EB85B9ed946893A460B340fe": 114.7864814,
    "0x6957D2139d29E7DB7913ac21e813f2a561E47aC8": 58.20572078,
    "0x6c8b8cC6963EE5dFC478b0213fc64eD9Eb103Fd9": 275.6764632,
    "0x6F593a98f9Fd364027cd053BDee1fa97f9826a45": 2764.402356,
    "0x6f7E729e98E4d64A9950143a63230c146ee154f6": 76.85763525,
    "0xB86377aa282654F2DeEF20CbF45909B5c8AAb078": 111.6565896,
    "0x738D2CdD143B37Ce542cf88A43760A44997b4C4B": 42.28504852,
    "0x761e9c780896A849c8347851d190977fEF3aCa06": 246.2462996,
    "0x777Bd6bdC17d8970A20CE5181f66C3e3333CC980": 2407.850374,
    "0x7787b405581dbfb459b339ce3e53f854183d62fe": 84.73132021,
    "0x78be21ddb295e65e480681f5c065fd4b4f42711f": 136.0938199,
    "0x79F939a6E500D885806EE2135F3E013094b15141": 88.12114427,
    "0x7aC049b7D78bC930E463709eC5e77855A5DCA4C4": 277.2040316,
    "0x8036c2eaa27572DAea698d1Fc89259F0EEEE5524": 131.9318609,
    "0x826B18B1dfC935f9CC1ea707484F689b8B3689a1": 491.8508333,
    "0x892a005324342DBF5616B3caDA86dD5feDf19065": 62.1011021,
    "0xcc8303777b692bf3d2701D948206fC32E7E4532C": 50.15539623,
    "0x86B0E9e05F0295AdB39799A402D2992D10439454": 1035.453902,
    "0x87738C0Bc93E836d1Df2E55694832Be2DB9cc420": 1728.942829,
    "0x884d6fA3A4B349880486aD4D7C833cA968c785d8": 74.199833,
    "0x88977D83089d4A84d96e5B834BB205a9FD179251": 451.0165649,
    "0x891172C09f509ABe701A81314865d74D942f0592": 1769.545983,
    "0x8958282a87711173325640CBf78a11Ae6A988a83": 114.3436407,
    "0x8A2F5d6D822611BDab08D306aA8F3E3942177417": 2373.434407,
    "0x8A395e50CE3CfD217D42493781352bc67aa2eE15": 260.5238051,
    "0x8af2eB934A03A45Ff33E5DB1b6778e35cDe50B0A": 153.41709,
    "0xbE1088D87f8a1c5ccb210fd7912c09885657E126": 53.13208231,
    "0x8D6845e3778A9a888B7E1ce1FC368101073290AF": 9607.08758,
    "0x8F95a104fbAaA6cA37853d2c94ae43D6A4b29261": 55.12151737,
    "0x93cfac5829C66e860100AF4D9FF4208B852894f1": 434.6196271,
    "0x5c4D8CEE7dE74E31cE69E76276d862180545c307": 86.4278782,
    "0x9760fDb9603f6b2fBA1c590911A9A3aCF349bbCC": 43.72238724,
    "0x9B32f7140a7430f5D093e33E59F6D9469Bdb8cB8": 185.0500679,
    "0x9B54Cb3e9BdEcb54DB06a9139DBE8775aB6E58A1": 197.127223,
    "0xf5793F0aFfaDbF3421a775d4E101f169C8aBdc8a": 44.42576603,
    "0x9e7957EEe0B1BA23e527Dd419C96BA2d2cea78f8": 54.53812883,
    "0xa019A71F73922f5170031F99EFC37f31d3020f0b": 738.9854,
    "0xA0E7F672bc7BDB06EE542Fa2A8Dcf478F3c25F9C": 738.9861519,
    "0xa289364347bfC1912ab672425Abe593ec01Ca56E": 148.3771211,
    "0xa55D64C874A65DC36AB37464DbeC60A6BbDeEF8b": 222.5429702,
    "0xA583F99495077952103235Ad50606246d69e829f": 377.8245245,
    "0xa91e6cba1718caf1c8844d0ab6a27c4b19cdcf2a": 42.9703179,
    "0xade80C0dBeeca1f0c54E6cE572cE0C5ECE374b2a": 214.4384322,
    "0xb0B57738f1A0752d860Aa39C07955BC960284aa8": 67.85657663,
    "0xf6a6e036a10f0475c16c202c20646b2a54171bb1": 109.2434067,
    "0x3C517c5d2040B995e697c7b916d120a4f7Fa095d": 49.89387655,
    "0xb5939ca2b696c72460451e77ff51d8a7bc181fbb": 44.88119431,
    "0xB60ab52A8c3eb0Dd01CC3A054F1F8009cf9D4CEe": 557.3020206,
    "0xB6647caE065c321e75775B50a25fd54e9ac5C436": 654.7713107,
    "0xb7d8317800eF5f64DEB1a3BBEDcf08DF719C3CfA": 1958.996237,
    "0x5d73181B4Ca19F4A8E5A4Ab51C09895a9A80189B": 43.42893903,
    "0xB8c9EDe67c39BD4582B297c7F97AE831A6dA0Ec7": 7997.344055,
    "0xBaB7de4b5063Ca0Cf14f90b8F86B0dc1f5F8CF4B": 294.5324174,
    "0xbb3be72a5f745a5a055dafa72b13a6e04fc5859e": 287.3470771,
    "0xbD1bfF03034aC340235E48EE35c85b1121b8198e": 45.50022102,
    "0xbD6F5BdC401AB1Ca811e40755f4A2ddAd75cE2cc": 114.4562587,
    "0xbe535c49d8e65DA9cd9a809A3D59248A89A2496B": 148.1422196,
    "0xC2b100553BB8eC0Dc981413b86464621692c8050": 67.05255894,
    "0xf199f2c9DB81d8359C9eAed16D7DF8A1857D3fc3": 87.20994764,
    "0xc4bc64BF964D73e05de0B973f7c9275446d08Fff": 186.0530741,
    "0xc5df68c871d5968c433aa3b6036be88f6812e2ad": 230.478148,